"","V1","V2"
"prc",0.357536878825768,102
"prc",0.292778885180642,67
"prc",0.419496411472449,129
"prc",0.284663625428928,54
"prc",0.591545708283563,81
"prc",0.302695319767055,68
"prc",0.257759488956163,94
"prc",0.300653417981321,51
"prc",0.485462201216861,91
"prc",0.495752611925058,99
"prc",0.259515521869283,56
"prc",0.273400172238585,55
"prc",0.240006606732586,32
"prc",0.288859475277291,59
"prc",0.243583690048579,51
"prc",0.585209073640004,95
"prc",0.338145028440757,101
"prc",0.384127239224264,122
"prc",0.343576610737718,97
"prc",0.315282344505666,95
"prc",0.328723727068773,54
"prc",0.360603443127235,118
"prc",0.338648709434943,80
"prc",0.306977704808153,78
"prc",0.401160746493432,101
"prc",0.270505921577889,78
"prc",0.295111741307831,55
"prc",0.20189739979347,66
"prc",0.419391015058785,81
"prc",0.504212030818065,144
"prc",0.177594236132378,38
"prc",0.295445971747349,53
"prc",0.625800111071554,130
"prc",0.395638596356353,95
"prc",0.320486113121003,43
"prc",0.421980249444571,138
"prc",0.237268853628022,44
"prc",0.356281115812633,98
"prc",0.262842130634167,61
"prc",0.479156493300974,50
"prc",0.369135505358013,58
"prc",0.313441630412331,93
"prc",0.319139934067852,96
"prc",0.48584468338602,92
"prc",0.440910993569585,84
"prc",0.330375373126099,66
"prc",0.4186041547873,75
"prc",0.560687149072285,126
"prc",0.305537455412103,110
"prc",0.266151984917986,37
"prc",0.167058853159166,60
"prc",0.351604400388531,68
"prc",0.22125857246364,61
"prc",0.104522250434566,70
"prc",0.380223142004334,66
"prc",0.315163167270594,51
"prc",0.210966750766863,74
"prc",0.383387326860033,101
"prc",0.335210655289063,102
"prc",0.290357297482152,78
"prc",0.493965822176679,115
"prc",0.228506894130077,62
"prc",0.281716263227019,53
"prc",0.47193734002537,72
"prc",0.345449610328411,47
"prc",0.341666142806484,62
"prc",0.33104512763721,76
"prc",0.30666228127611,76
"prc",0.269922738010612,63
"prc",0.321240155156337,46
"prc",0.316973560750484,94
"prc",0.183713287902339,78
"prc",0.400040153747644,104
"prc",0.366358851296827,59
"prc",0.364687675939982,90
"prc",0.481797164944457,76
"prc",0.43613276728155,99
"prc",0.395769398203485,68
"prc",0.350727373697777,68
"prc",0.240626976951117,73
"prc",0.268135657311034,64
"prc",0.315321944613631,43
"prc",0.23661175553413,70
"prc",0.252472105586134,65
"prc",0.187928908114486,75
"prc",0.394446008329408,102
"prc",0.234368690203729,54
"prc",0.240728817834866,43
"prc",0.223809420618539,50
"prc",0.308805643629611,133
"prc",0.34169100853998,89
"prc",0.195431169971239,80
"prc",0.335211650145185,52
"prc",0.214669458214924,78
"prc",0.305376209302933,76
"prc",0.227262646487604,62
"prc",0.294673723127218,60
"prc",0.211869471894175,47
"prc",0.23753119463941,77
"prc",0.184822664929408,40
"prc",0.319662231947204,91
"prc",0.329200501877668,101
"prc",0.206647714499895,102
"prc",0.578481350752397,116
"prc",0.11889901051663,75
"prc",0.389779045979547,124
"prc",0.22015288636764,70
"prc",0.304232945774006,97
"prc",0.231380096448257,57
"prc",0.480184161563714,71
"prc",0.308420433166492,79
"prc",0.297937450805204,75
"prc",0.406121943692366,79
"prc",0.393567615882585,114
"prc",0.407901726423525,167
"prc",0.406192493515783,99
"prc",0.297254136736852,85
"prc",0.236899125653447,72
"prc",0.397424017265074,72
"prc",0.363928576877304,115
"prc",0.435214696626051,69
"prc",0.289185856176613,88
"prc",0.20136281727448,59
"prc",0.283462579577759,86
"prc",0.236930260669769,55
"prc",0.35654689151045,104
"prc",0.402348226146115,86
"prc",0.245620558354456,46
"prc",0.246304509513007,70
"prc",0.124677977202205,44
"prc",0.201150871791566,56
"prc",0.393105217144806,70
"prc",0.261041875950006,113
"prc",0.354046102310074,98
"prc",0.525428967023195,91
"prc",0.520830142051712,86
"prc",0.317616788317431,83
"prc",0.562705134902989,124
"prc",0.336411576451843,95
"prc",0.545546497830427,128
"prc",0.189212099556793,69
"prc",0.242354169515528,36
"prc",0.417232249584779,116
"prc",0.224195377881657,59
"prc",0.179759768930392,81
"prc",0.397829309005619,65
"prc",0.275599634061367,83
"prc",0.284307568232693,56
"prc",0.377555365512038,86
"prc",0.232970494988064,70
"prc",0.496801794817416,74
"prc",0.0868748774629671,46
"prc",0.356321217373525,105
"prc",0.309315480221355,112
"prc",0.316518863890247,100
"prc",0.231947086490873,74
"prc",0.273477001468487,84
"prc",0.558507080059316,131
"prc",0.474490122781592,85
"prc",0.296201800961851,41
"prc",0.564481891900411,95
"prc",0.253031289571458,86
"prc",0.367465119044497,55
"prc",0.292108762089492,48
"prc",0.17469617070265,42
"prc",0.50965066936908,91
"prc",0.223223636091194,83
"prc",0.275649201384399,83
"prc",0.327513619826595,70
"prc",0.265939820505788,90
"prc",0.387042418150414,84
"prc",0.420561513506314,83
"prc",0.219772434132904,52
"prc",0.276136568305174,88
"prc",0.539023611914805,88
"prc",0.211563672483442,40
"prc",0.289659336281977,88
"prc",0.202384488578594,44
"prc",0.347415634942442,59
"prc",0.298895554447401,43
"prc",0.334476776995934,100
"prc",0.28538609294586,87
"prc",0.452221781513197,81
"prc",0.330231328380532,69
"prc",0.21287409336927,60
"prc",0.488781901213943,96
"prc",0.273463832916436,57
"prc",0.190090010395529,51
"prc",0.380808962486575,49
"prc",0.165592049538322,47
"prc",0.441988469633073,104
"prc",0.461727357722417,90
"prc",0.21726604617073,51
"prc",0.335491147780901,110
"prc",0.273677199073684,62
"prc",0.425965590308621,99
"prc",0.260440990517792,56
"prc",0.40069350227531,81
"prc",0.508131524420654,148
"prc",0.47007469357667,105
"prc",0.23832084772177,71
"prc",0.277812773755697,44
"prc",0.48089107920087,116
"prc",0.577522300006639,106
"prc",0.254379110034628,56
"prc",0.588831701195415,90
"prc",0.472558219126773,142
"prc",0.170714715493879,54
"prc",0.229703690212256,69
"prc",0.330970257014657,120
"prc",0.384033008656994,92
"prc",0.440243704591823,97
"prc",0.248959973902423,59
"prc",0.294489612634495,87
"prc",0.168486417741241,90
"prc",0.214976473661943,76
"prc",0.304396344651559,78
"prc",0.101260388347448,28
"prc",0.430563045230639,81
"prc",0.342239426993126,99
"prc",0.201255375988708,70
"prc",0.203578515842776,55
"prc",0.413904841924634,54
"prc",0.570361408563513,76
"prc",0.386713712051438,71
"prc",0.302192808234808,68
"prc",0.247797843666345,28
"prc",0.315176618726303,96
"prc",0.601094820018054,107
"prc",0.191824556660711,60
"prc",0.256672729364067,78
"prc",0.424296071414343,125
"prc",0.19223774331567,39
"prc",0.527171588612392,101
"prc",0.256845908075863,42
"prc",0.529396931352642,118
"prc",0.241775840692697,37
"prc",0.410721332550816,155
"prc",0.282734607884879,83
"prc",0.373895073232296,138
"prc",0.419890095357071,89
"prc",0.300165955790994,80
"prc",0.143749794895195,61
"prc",0.464485654404533,101
"prc",0.316184501698715,69
"prc",0.373769602663085,72
"prc",0.281636219735385,43
"prc",0.217855635788292,71
"prc",0.457461190677485,75
"prc",0.513062633715351,94
"prc",0.343733596592119,73
"prc",0.359041506935495,78
"prc",0.281114884039533,65
"prc",0.286719417494046,98
"prc",0.386267886227362,93
"prc",0.572939545287952,91
"prc",0.305228097446482,74
"prc",0.275413295856184,73
"prc",0.208542335674568,57
"prc",0.415186317122231,105
"prc",0.301137232546713,53
"prc",0.222769305416219,67
"prc",0.448029894823866,86
"prc",0.311410183025816,86
"prc",0.298041396413327,69
"prc",0.310870919219565,67
"prc",0.257393424077434,82
"prc",0.30647504385579,65
"prc",0.330509760546881,67
"prc",0.156682128012546,44
"prc",0.20136082207291,68
"prc",0.234839940849217,50
"prc",0.394788116072578,58
"prc",0.205287605261649,55
"prc",0.462835527641845,118
"prc",0.409113538444736,100
"prc",0.315681963622497,73
"prc",0.276536664409819,90
"prc",0.256681527883253,66
"prc",0.21665065715966,101
"prc",0.338781650156404,66
"prc",0.123789051100794,45
"prc",0.279197431712357,63
"prc",0.29665619205793,64
"prc",0.232501049216143,56
"prc",0.273210846542143,42
"prc",0.293033098617715,88
"prc",0.271878119874198,81
"prc",0.21824397550421,62
"prc",0.439570185062932,98
"prc",0.406458990610406,70
"prc",0.389068811197272,66
"prc",0.400244344604731,117
"prc",0.246250030517797,92
"prc",0.37758524211781,87
"prc",0.228597397766642,88
"prc",0.438645624620657,88
"prc",0.321008236297936,104
"prc",0.288503403042571,78
"prc",0.341094201666796,100
"prc",0.234828748980939,78
"prc",0.354380864058165,64
"prc",0.195578483917075,37
"prc",0.437295059777395,71
"prc",0.452408306926087,131
"prc",0.254657551151901,89
"prc",0.127657572627798,83
"prc",0.210054183704231,64
"prc",0.291885910857761,56
"prc",0.344694128171815,60
"prc",0.349039282225912,73
"prc",0.399817490220143,105
"prc",0.379428982766455,83
"prc",0.123206079526092,54
"prc",0.53826300338842,87
"prc",0.444377678754356,74
"prc",0.304841126902394,101
"prc",0.21565352070894,71
"prc",0.185534419609855,73
"prc",0.328490203090523,103
"prc",0.355300347829128,114
"prc",0.258501742643797,94
"prc",0.320758569929018,100
"prc",0.372784177262847,54
"prc",0.35106864448235,69
"prc",0.200911102841663,72
"prc",0.199094159245747,48
"prc",0.339135471124604,90
"prc",0.263504261912449,48
"prc",0.4568082112892,109
"prc",0.272383463495575,73
"prc",0.298569298915419,89
"prc",0.36877888085211,66
"prc",0.249385326105882,66
"prc",0.528342811658832,106
"prc",0.357620649823517,64
"prc",0.236543205017407,50
"prc",0.554061998510551,80
"prc",0.469888584208949,96
"prc",0.517739786414576,132
"prc",0.494716093696143,110
"prc",0.312128661464644,41
"prc",0.160680555350275,60
"prc",0.243021305912704,39
"prc",0.315602271002626,64
"prc",0.30352657861478,108
"prc",0.408996094416316,61
"prc",0.297242154538376,73
"prc",0.208218728550436,85
"prc",0.181705296298891,67
"prc",0.433009860297373,79
"prc",0.331463194998419,76
"prc",0.29325335072463,131
"prc",0.241687236249301,91
"prc",0.135815915506077,67
"prc",0.181770192604768,56
"prc",0.444065786168418,114
"prc",0.289008845024578,83
"prc",0.292703093291059,22
"prc",0.156913584181491,73
"prc",0.289164495619525,60
"prc",0.325766984430306,60
"prc",0.365129016908799,65
"prc",0.215225294780753,51
"prc",0.329675406977973,49
"prc",0.266472804359179,65
"prc",0.267737577812491,66
"prc",0.229514858239312,71
"prc",0.301633787498462,52
"prc",0.445358734679061,83
"prc",0.402875309144421,89
"prc",0.438626788888382,129
"prc",0.326345591932608,81
"prc",0.18135015486977,50
"prc",0.434105577691842,79
"prc",0.321916531598853,39
"prc",0.234937907475613,76
"prc",0.324227378500406,95
"prc",0.246450573739358,71
"prc",0.325164516176663,54
"prc",0.344319104958216,51
"prc",0.413884614720831,87
"prc",0.348457750101921,84
"prc",0.272792109675048,89
"prc",0.255731741136999,69
"prc",0.393104740427442,112
"prc",0.335565225257191,65
"prc",0.263733335148689,64
"prc",0.354747832329469,56
"prc",0.329948341583687,83
"prc",0.346020603618566,75
"prc",0.317815505140552,79
"prc",0.249603718432653,88
"prc",0.261774462520273,49
"prc",0.283019337115042,78
"prc",0.272880915732616,69
"prc",0.592582783069936,113
"prc",0.406854140194608,84
"prc",0.257602045714271,93
"prc",0.317018220069106,59
"prc",0.149209234254508,92
"prc",0.224586470968218,62
"prc",0.211454898641244,77
"prc",0.358273890184823,60
"prc",0.308629652691055,46
"prc",0.310173041996017,77
"prc",0.43218170737592,83
"prc",0.290921562327364,77
"prc",0.291896052413675,58
"prc",0.388980209309717,82
"prc",0.351555075920643,101
"prc",0.437285041722159,49
"prc",0.184451775074589,64
"prc",0.37467317657947,62
"prc",0.310966801013724,56
"prc",0.318219702158342,79
"prc",0.516775927623442,84
"prc",0.203063046120144,45
"prc",0.328090984992062,140
"prc",0.456477897490612,120
"prc",0.295672317211352,48
"prc",0.28740855501636,44
"prc",0.310210603507163,58
"prc",0.40556387841318,56
"prc",0.47234992915454,69
"prc",0.562013997305915,121
"prc",0.387855837533397,63
"prc",0.369460565340431,79
"prc",0.214370851793929,64
"prc",0.270777315794874,76
"prc",0.27954466368437,86
"prc",0.220078231948702,51
"prc",0.296758933606393,72
"prc",0.410382924514512,85
"prc",0.258928454313062,55
"prc",0.189860471559725,48
"prc",0.275311100221988,77
"prc",0.349953977398976,77
"prc",0.357911886676927,101
"prc",0.620305067662186,157
"prc",0.394120356162426,85
"prc",0.334731834482438,67
"prc",0.311598972613357,102
"prc",0.371980944075896,78
"prc",0.250899528609406,66
"prc",0.277620774451095,36
"prc",0.263273119899061,70
"prc",0.424685786448821,78
"prc",0.586193607854383,150
"prc",0.306737889799782,99
"prc",0.383501092647294,73
"prc",0.253283776639249,75
"prc",0.347806461401759,78
"prc",0.279147650512374,71
"prc",0.303153632277185,83
"prc",0.442088388362717,63
"prc",0.267374158221498,64
"prc",0.233595217927268,67
"prc",0.26975632454926,86
"prc",0.182623074417021,50
"prc",0.294436989534902,49
"prc",0.117910003319346,49
"prc",0.338019395747459,90
"prc",0.297476778811063,81
"prc",0.296258872466381,73
"prc",0.181876290327705,49
"prc",0.433351720267469,90
"prc",0.370407757443175,105
"prc",0.289961530759419,81
"prc",0.235493153960207,153
"prc",0.305291841206707,39
"prc",0.271050040982846,85
"prc",0.258407440218417,98
"prc",0.408289964059733,93
"prc",0.307667683330091,88
"prc",0.480973223074723,80
"prc",0.279592909875015,78
"prc",0.363242603340095,109
"prc",0.300120162676253,64
"prc",0.458492216007309,110
"prc",0.306070325319454,64
"prc",0.111862353875904,72
"prc",0.444115762209848,65
"prc",0.322998604543288,86
"prc",0.318628926392024,73
"prc",0.430574604011524,107
"prc",0.178916221595935,34
"prc",0.228228511210239,73
"prc",0.38640520901054,134
"prc",0.286965522420611,59
"prc",0.539282880722929,86
"prc",0.318164825118056,72
"prc",0.16735520216472,39
"prc",0.328082837920782,44
"prc",0.282731072307729,57
"prc",0.55956549204466,83
"prc",0.382586952349828,96
"prc",0.235252894492564,65
"prc",0.0865418578635025,62
"prc",0.176181290645481,61
"prc",0.375634991743547,59
"prc",0.380699022014388,99
"prc",0.353435240978119,135
"prc",0.466718394236603,114
"prc",0.272372970400816,48
"prc",0.38447708752828,67
"prc",0.365787648141165,178
"prc",0.273544114616462,70
"prc",0.377359391145189,116
"prc",0.339113008812179,97
"prc",0.28959026251883,78
"prc",0.222186555010358,37
"prc",0.339010767326782,75
"prc",0.34784093089073,64
"prc",0.440042993623909,87
"prc",0.325517494190557,60
"prc",0.465258366570023,113
"prc",0.197855806234019,73
"prc",0.324827209914322,55
"prc",0.282697923433437,72
"prc",0.32119698376267,56
"prc",0.521707729059545,67
"prc",0.377678978606401,113
"prc",0.413414259989034,93
"prc",0.469269563263538,120
"prc",0.325531481406012,76
"prc",0.54769811811583,108
"prc",0.298721818985673,30
"prc",0.210246745318393,52
"prc",0.285067334524082,103
"prc",0.296369178748197,116
"prc",0.41434035582541,84
"prc",0.311112900910096,73
"prc",0.345602009252225,66
"prc",0.411520697721189,69
"prc",0.341613118687425,59
"prc",0.32815628836534,65
"prc",0.319128665654171,51
"prc",0.518249859776275,140
"prc",0.299966243215672,99
"prc",0.302408995145347,62
"prc",0.202508671018934,62
"prc",0.183069421628527,48
"prc",0.42465074558578,69
"prc",0.391495453202914,98
"prc",0.335532482910682,74
"prc",0.290276631099702,68
"prc",0.23998313087477,119
"prc",0.249363598093464,80
"prc",0.259273170736052,112
"prc",0.235985016083783,97
"prc",0.357533032777811,99
"prc",0.223712145691628,93
"prc",0.355122048109222,40
"prc",0.262075405977301,45
"prc",0.365571987212763,85
"prc",0.4508473820064,88
"prc",0.113179276786087,71
"prc",0.292151480765429,94
"prc",0.492271734570317,109
"prc",0.284016382747932,81
"prc",0.322041664079526,64
"prc",0.272173086600196,23
"prc",0.379198634315136,63
"prc",0.315886703050677,85
"prc",0.272337039686812,72
"prc",0.246547639211092,45
"prc",0.321828965201207,74
"prc",0.426611108477501,126
"prc",0.171306222807616,71
"prc",0.326981104861981,70
"prc",0.383333939097676,98
"prc",0.335623758840283,92
"prc",0.335250711684645,74
"prc",0.434597069815933,75
"prc",0.287737085517934,71
"prc",0.452137168204668,104
"prc",0.380731214166382,70
"prc",0.394804485162136,131
"prc",0.233177840301548,65
"prc",0.342016579930981,62
"prc",0.285271330675585,93
"prc",0.18224248618344,78
"prc",0.286964372264258,65
"prc",0.202351150633037,54
"prc",0.24294384521414,72
"prc",0.319576954446258,78
"prc",0.316795061663451,63
"prc",0.414372451665866,67
"prc",0.202840798866625,54
"prc",0.319460549000833,48
"prc",0.28764802200318,60
"prc",0.353883629604517,42
"prc",0.394160785873914,74
"prc",0.360822312622788,92
"prc",0.318545169566813,71
"prc",0.369074849231972,59
"prc",0.271126381849468,57
"prc",0.462225442753338,57
"prc",0.418808630713828,159
"prc",0.281598651721234,102
"prc",0.239358903631824,55
"prc",0.176135744626871,63
"prc",0.3036791466854,65
"prc",0.293506091237799,84
"prc",0.339647996609884,108
"prc",0.3493670980667,39
"prc",0.422359211115787,101
"prc",0.234289544728018,97
"prc",0.386374325665335,99
"prc",0.400539979745689,118
"prc",0.239974440074361,61
"prc",0.150864950160441,32
"prc",0.522207087880074,123
"prc",0.265539582385773,62
"prc",0.245963046487019,71
"prc",0.320346104893286,58
"prc",0.464172567587127,112
"prc",0.377203143872868,75
"prc",0.299501085426001,64
"prc",0.170573868354709,41
"prc",0.39278012035725,52
"prc",0.258138095712581,42
"prc",0.410791034319201,66
"prc",0.331403779646418,91
"prc",0.598548183416692,93
"prc",0.52301070469249,89
"prc",0.260876168392818,57
"prc",0.322640472515395,74
"prc",0.340449657403298,69
"prc",0.360885833399188,88
"prc",0.413045459696658,102
"prc",0.222203983891317,49
"prc",0.199672389913569,52
"prc",0.352388869730171,43
"prc",0.310437555918105,67
"prc",0.364989755320746,139
"prc",0.198922851067219,62
"prc",0.422525769977776,78
"prc",0.283278572534887,112
"prc",0.396516091804951,96
"prc",0.210745371240282,45
"prc",0.227671183580715,66
"prc",0.403704485061633,64
"prc",0.250956465745272,78
"prc",0.509006025641426,104
"prc",0.336260950805839,91
"prc",0.34310494470757,85
"prc",0.263089826739959,50
"prc",0.169097134603516,38
"prc",0.332844729645579,55
"prc",0.263652902326236,62
"prc",0.382375938788641,72
"prc",0.413141888683004,116
"prc",0.21943254593705,81
"prc",0.25990966437841,40
"prc",0.4693010995422,94
"prc",0.168656421937596,73
"prc",0.287562428902031,57
"prc",0.287317586346329,53
"prc",0.307025740400468,66
"prc",0.409993000395194,90
"prc",0.164695691735685,74
"prc",0.295799048897427,53
"prc",0.160890181665583,65
"prc",0.32271353000848,92
"prc",0.242749996278618,41
"prc",0.420630735374951,129
"prc",0.209932448172065,96
"prc",0.259243710923794,96
"prc",0.386127951196304,87
"prc",0.261748718518727,57
"prc",0.351726325323769,141
"prc",0.243977852254083,78
"prc",0.464090996727749,154
"prc",0.268833379530731,116
"prc",0.533095944085359,128
"prc",0.293371740490673,62
"prc",0.292779176446847,78
"prc",0.480767962582884,111
"prc",0.44254209020102,93
"prc",0.289390777542676,67
"prc",0.546798589239993,86
"prc",0.3159782649027,89
"prc",0.463434303659288,92
"prc",0.496783451638276,76
"prc",0.347668358202951,73
"prc",0.312966665721444,58
"prc",0.299451851448154,56
"prc",0.556753775429382,107
"prc",0.307585076634936,60
"prc",0.304683295506801,127
"prc",0.163855064492307,63
"prc",0.270624322277476,83
"prc",0.181824489977101,38
"prc",0.303672793276571,79
"prc",0.238114971760113,44
"prc",0.4297633387877,96
"prc",0.443807748326046,93
"prc",0.460942892758176,79
"prc",0.410806255486849,101
"prc",0.380854128364875,80
"prc",0.348374485656911,83
"prc",0.430833090583922,56
"prc",0.308718167006531,53
"prc",0.315711259814345,104
"prc",0.288046836034377,53
"prc",0.297270445099612,77
"prc",0.401477507885144,67
"prc",0.38176314779886,91
"prc",0.260880437683424,63
"prc",0.173041847437145,32
"prc",0.284973812797929,60
"prc",0.300686689633876,56
"prc",0.469843130567129,55
"prc",0.490714356304493,89
"prc",0.257440226395231,78
"prc",0.503035796232449,111
"prc",0.255345139172768,91
"prc",0.424419345926932,82
"prc",0.373860761705494,110
"prc",0.34049421278632,83
"prc",0.465462973136637,55
"prc",0.346260484014546,55
"prc",0.303156644200687,45
"prc",0.520223221384427,101
"prc",0.293711363138156,48
"prc",0.374963115486408,115
"prc",0.268409556167237,53
"prc",0.303429911311935,106
"prc",0.284414044809619,60
"prc",0.434590279517841,85
"prc",0.275220856988145,66
"prc",0.324004346011207,68
"prc",0.307766678513886,93
"prc",0.375080139739804,87
"prc",0.197003365880718,73
"prc",0.313457999439983,63
"prc",0.285685784018544,68
"prc",0.328176621148984,96
"prc",0.319734222358641,85
"prc",0.187583327914826,73
"prc",0.242517468219477,73
"prc",0.307579036431716,88
"prc",0.338706140337037,116
"prc",0.262359748684856,87
"prc",0.383797492853128,117
"prc",0.372864234626439,122
"prc",0.324766440226642,60
"prc",0.301720844761779,76
"prc",0.232380566907426,72
"prc",0.477566518997226,76
"prc",0.243128168057723,51
"prc",0.20851099533522,41
"prc",0.355731237512082,91
"prc",0.178680522365897,71
"prc",0.402141641436656,81
"prc",0.272445864292665,89
"prc",0.376141385356074,78
"prc",0.23904566566405,57
"prc",0.368073806940012,67
"prc",0.353545885009362,95
"prc",0.231580620860571,71
"prc",0.311949004322363,68
"prc",0.539436600279867,101
"prc",0.312004204420373,93
"prc",0.166607469229356,64
"prc",0.307481293733433,71
"prc",0.287935463063711,47
"prc",0.194051743860119,45
"prc",0.187441360739553,67
"prc",0.311264975578981,69
"prc",0.242839787126354,71
"prc",0.314245068758324,69
"prc",0.649894297859248,106
"prc",0.435520644362505,77
"prc",0.264874912170766,74
"prc",0.477800705026214,108
"prc",0.222542907472736,48
"prc",0.24624171439193,105
"prc",0.205623071042675,38
"prc",0.195058981427813,76
"prc",0.282113830613922,100
"prc",0.30052890569209,64
"prc",0.325054853645646,77
"prc",0.512456910572216,115
"prc",0.437016205389564,75
"prc",0.248234062711617,56
"prc",0.255899712354054,69
"prc",0.261347401294419,91
"prc",0.31095322009596,70
"prc",0.339964683854259,90
"prc",0.291535679538022,61
"prc",0.653091644377575,195
"prc",0.382690216595417,120
"prc",0.250255085695352,86
"prc",0.31932927142573,56
"prc",0.215224323782559,62
"prc",0.227085830217008,70
"prc",0.320002508577799,100
"prc",0.497916573293909,79
"prc",0.207436312031841,105
"prc",0.207824720843312,41
"prc",0.211116623728372,47
"prc",0.325493160495535,51
"prc",0.351914277251299,104
"prc",0.43768508858157,71
"prc",0.241135372930553,61
"prc",0.358590951794941,77
"prc",0.248621701063479,58
"prc",0.526965869396706,110
"prc",0.248573573125417,64
"prc",0.363302550843789,80
"prc",0.316538503953785,66
"prc",0.246147440269261,69
"prc",0.279637349783352,72
"prc",0.415948694547748,111
"prc",0.319830533527386,115
"prc",0.289975669739549,62
"prc",0.264483347205336,110
"prc",0.35716562269146,66
"prc",0.416701967288357,101
"prc",0.343047742770766,63
"prc",0.19452633552728,73
"prc",0.373988272791692,73
"prc",0.375765953414215,93
"prc",0.44592310182458,83
"prc",0.229514586591144,46
"prc",0.347771196481133,98
"prc",0.329553134345687,98
"prc",0.345694700820445,60
"prc",0.211993423278498,57
"prc",0.223610321828621,45
"prc",0.556413075749342,101
"prc",0.161177978876102,52
"prc",0.24646504593447,47
"prc",0.269286995951232,56
"prc",0.427961250781721,111
"prc",0.408185709079581,80
"prc",0.573506400114035,117
"prc",0.326966131710466,76
"prc",0.538414332924374,98
"prc",0.276601186208427,61
"prc",0.387978566502057,76
"prc",0.298973733771994,85
"prc",0.331853617352671,88
"prc",0.422815153871791,96
"prc",0.466793544550298,118
"prc",0.332215780557736,65
"prc",0.180225024337278,70
"prc",0.330723138764208,47
"prc",0.312598900028194,80
"prc",0.301528525225563,80
"prc",0.46815755721419,104
"prc",0.155082047238909,35
"prc",0.204352292776035,61
"prc",0.228270827915666,61
"prc",0.253512679267236,65
"prc",0.293541887229053,91
"prc",0.344863193952022,74
"prc",0.297716483681591,81
"prc",0.498315398241302,92
"prc",0.375278022755303,68
"prc",0.330427152664565,36
"prc",0.346185417843654,53
"prc",0.206012864632751,69
"prc",0.271895171936748,73
"prc",0.375508411290928,131
"prc",0.248710583061637,68
"prc",0.480409054253068,130
"prc",0.238087028136623,101
"prc",0.338989451466238,81
"prc",0.490916830604421,80
"prc",0.433187580766595,49
"prc",0.245246230797367,85
"prc",0.333216112609222,66
"prc",0.449976927589662,52
"prc",0.248412590589301,93
"prc",0.270886151347236,40
"prc",0.396195225933676,69
"prc",0.316643422532315,48
"prc",0.310339874406984,73
"prc",0.231318346810363,46
"prc",0.293643637824731,82
"prc",0.480674669771802,102
"prc",0.584431134062436,93
"prc",0.335308394174402,64
"prc",0.328544580231183,88
"prc",0.490629066479045,42
"prc",0.349305049971878,31
"prc",0.427590846826377,97
"prc",0.272198336057584,95
"prc",0.252901638651851,90
"prc",0.439660661070078,73
"prc",0.43377636565206,78
"prc",0.407997387727065,72
"prc",0.356084379961385,53
"prc",0.355712985183459,58
"prc",0.315886619202793,84
"prc",0.23891477366252,62
"prc",0.370135619240977,122
"prc",0.199329452115458,49
"prc",0.458717177230865,86
"prc",0.359149575338462,83
"prc",0.163208639474732,60
"prc",0.224682084365803,57
"prc",0.460654122408699,81
"prc",0.304151164623635,31
"prc",0.383995449622983,81
"prc",0.331965522076569,89
"prc",0.31460012450869,48
"prc",0.534723113028369,94
"prc",0.352105938220835,99
"prc",0.290807351080116,88
"prc",0.310309089879852,82
"prc",0.344895286044179,104
"prc",0.291215056941717,89
"prc",0.14345942176568,39
"prc",0.19552906156408,38
"prc",0.270985903993943,57
"prc",0.26909390518734,59
"prc",0.620534662927191,176
"prc",0.346646944511791,86
"prc",0.407244281187179,57
"prc",0.236493632488099,97
"prc",0.248573639434488,59
"prc",0.386019472888507,75
"prc",0.269197260529424,77
"prc",0.248687828040919,93
"prc",0.249493147706905,117
"prc",0.678257548924462,109
"prc",0.45871143434288,72
"prc",0.413271569118415,82
"prc",0.507802779017491,57
"prc",0.5244264667189,104
"prc",0.455033757336912,120
"prc",0.172050360999819,48
"prc",0.441044330221108,84
"prc",0.313293726315138,60
"prc",0.308455905645501,43
"prc",0.167064693246913,80
"prc",0.217860216988872,52
"prc",0.34117902821076,85
"prc",0.394873459948154,114
"prc",0.386738574367163,81
"prc",0.308554609248451,77
"prc",0.303744235827642,56
"prc",0.412175286145625,57
"prc",0.345074354232125,52
"prc",0.269115261586529,44
"prc",0.235272207089389,73
"prc",0.329347210261679,98
"prc",0.243349615221149,76
"prc",0.262828751578927,67
"prc",0.488827267791893,109
"prc",0.473481426735902,60
"prc",0.280664540503685,83
"prc",0.303200088833623,82
"prc",0.228806355167728,65
"prc",0.266198749818346,75
"prc",0.167848102286202,63
"prc",0.390230524785013,120
"prc",0.385066869530425,74
"prc",0.567843124732448,97
"prc",0.325284269456112,84
"prc",0.220662928307612,67
"prc",0.187076992128117,59
"prc",0.248731908239607,82
"prc",0.285297361315575,57
"prc",0.328995757890573,104
"prc",0.254630269606726,77
"prc",0.319781213867314,78
"prc",0.360478235969649,121
"prc",0.335019848202629,64
"prc",0.419078146287003,71
"prc",0.226194540361929,54
"prc",0.286732888169148,54
"prc",0.251182693406465,47
"prc",0.223914406697138,102
"prc",0.367641230167858,64
"prc",0.493584411863932,78
"prc",0.207702935619426,91
"prc",0.176601205706122,52
"prc",0.262572824710286,73
"prc",0.359365655063998,69
"prc",0.408015638949605,103
"prc",0.218335789578839,92
"prc",0.312976765560498,69
"prc",0.473372696922982,67
"prc",0.403796140804668,77
"prc",0.231416414196913,39
"prc",0.244108915702604,82
"prc",0.284182660079324,75
"prc",0.438894304938834,57
"prc",0.330163199420032,55
"prc",0.298456884259358,50
"prc",0.401272697574368,94
"prc",0.329728858905534,93
"prc",0.218908238748782,46
"prc",0.367945715235364,58
